,gender,age_cat,quality,id,z
0,female,middle,0.7468863993794834,18,middle_female
1,female,middle,0.7418502109731208,915,middle_female
2,female,middle,0.6728393040846058,491,middle_female
3,female,middle,0.6578591737106465,375,middle_female
4,female,middle,0.6436890013183459,153,middle_female
5,female,middle,0.628366220628399,211,middle_female
6,female,middle,0.6150266250470613,292,middle_female
7,female,middle,0.6125947049587184,116,middle_female
8,female,middle,0.5890571308411098,870,middle_female
9,female,middle,0.586479619782492,73,middle_female
10,female,middle,0.5864498720058626,833,middle_female
11,female,old,1.0,374,old_female
12,female,old,0.7522668120582692,728,old_female
13,female,old,0.7464230266049005,44,old_female
14,female,old,0.5894806825178771,482,old_female
15,female,old,0.558044365424836,487,old_female
16,male,young,0.8970728502588213,637,young_male
17,female,old,0.5341258938498598,760,old_female
18,male,old,0.978037641482944,373,old_male
19,male,young,0.713500894636838,242,young_male
20,male,old,0.852763300876253,378,old_male
21,male,old,0.8299094534341841,29,old_male
22,male,old,0.7782320565818451,294,old_male
23,female,young,0.7791482566228939,134,young_female
24,male,old,0.750447318418942,701,old_male
25,male,old,0.7481568970141418,788,old_male
26,male,old,0.7246923544751359,828,old_male
27,male,old,0.693505352081463,917,old_male
28,male,old,0.6915171303122605,115,old_male
29,male,young,0.6829414286739607,887,young_male
30,male,young,0.6337776402489621,706,young_male
31,male,old,0.6832633027650008,293,old_male
32,male,young,0.6308198613155506,812,young_male
33,male,young,0.6231565822228546,805,young_male
34,male,young,0.6045395107136068,677,young_male
35,male,young,0.5656006154799245,334,young_male
36,male,old,0.6745473616083065,715,old_male
37,male,old,0.6533853599386535,650,old_male
38,female,young,0.6750266313428872,130,young_female
39,female,young,0.5955629223712094,333,young_female
40,male,old,0.6258540287618505,95,old_male
41,male,young,0.5550475523718265,93,young_male
42,male,young,0.5228149707181146,43,young_male
43,female,young,0.5461842888927783,802,young_female
44,female,young,0.5197279699613563,410,young_female
45,female,young,0.4933605795685345,306,young_female
46,female,young,0.48527343400778417,58,young_female
47,female,young,0.47743875105927264,332,young_female
48,female,young,0.4748555737574873,1,young_female
49,female,young,0.4576163437117922,736,young_female
50,male,young,0.49822835463630905,280,young_male
51,male,young,0.4744290315634928,101,young_male
52,female,young,0.44187961247933394,359,young_female
53,female,young,0.4307145951091507,523,young_female
54,male,young,0.47061879782466637,951,young_male
55,female,young,0.4229271308537014,869,young_female
56,female,young,0.38929435755505387,565,young_female
57,female,young,0.38691831292016765,596,young_female
58,male,young,0.41991331907118945,428,young_male
59,female,young,0.372760889574994,420,young_female
60,male,young,0.41943814162334087,906,young_male
61,female,young,0.3642413781814382,575,young_female
62,female,young,0.3604267373645925,614,young_female
63,female,young,0.3571677031694445,417,young_female
64,female,young,0.3532926224254795,118,young_female
65,female,young,0.34242854552574553,11,young_female
66,female,young,0.3341193147119597,517,young_female
67,female,young,0.31814869355320036,618,young_female
68,female,young,0.31489689955765526,59,young_female
69,female,young,0.3087191205486939,550,young_female
70,female,young,0.30540122038286177,752,young_female
71,female,young,0.2905137960429476,252,young_female
72,female,young,0.28791110168136325,613,young_female
73,female,young,0.2863374600372461,817,young_female
74,female,young,0.2823411846477549,724,young_female
75,female,young,0.2683461936067149,593,young_female
76,female,young,0.24412363364841846,521,young_female
77,male,young,0.40399857336588696,152,young_male
78,female,young,0.23584147488532156,340,young_female
79,female,young,0.2213050428305025,761,young_female
80,male,old,0.617813157520301,214,old_male
81,male,old,0.6087060881894087,615,old_male
82,male,young,0.39518756524049425,194,young_male
83,male,young,0.3891445169024034,561,young_male
84,male,young,0.3698002775199987,998,young_male
85,male,young,0.3631666807273442,992,young_male
86,male,young,0.3625783358117901,217,young_male
87,male,young,0.3509719810571195,476,young_male
88,male,young,0.3507585525644787,208,young_male
89,male,young,0.31368967497170025,254,young_male
90,male,young,0.3067069746416731,203,young_male
91,male,young,0.3018736692198339,228,young_male
92,male,young,0.30182645052677176,188,young_male
93,male,young,0.2971768258209443,236,young_male
94,male,young,0.28127089427167995,966,young_male
95,male,young,0.2748321532857285,218,young_male
96,male,young,0.2742970080976911,495,young_male
97,male,young,0.2707008324340796,605,young_male
98,male,young,0.26720066811302773,436,young_male
99,female,old,0.5151899387667989,83,old_female
100,female,old,0.5119362560235313,261,old_female
101,female,old,0.5070985435236729,702,old_female
102,female,old,0.5039732956255344,955,old_female
103,female,old,0.5025095161406086,967,old_female
104,male,old,0.605881938157363,65,old_male
105,male,old,0.6040756657520931,796,old_male
106,male,old,0.5939028705187888,54,old_male
107,male,old,0.5902084799736079,956,old_male
108,male,old,0.5880804908729415,62,old_male
109,male,old,0.5775017722749463,814,old_male
110,male,old,0.57732722050626,227,old_male
111,male,old,0.5765301689673713,669,old_male
112,male,old,0.5698863414578866,980,old_male
113,female,old,0.5015978805732224,186,old_female
114,female,old,0.4817200699592157,801,old_female
115,female,old,0.46779370341875937,263,old_female
116,female,old,0.4546291317930386,584,old_female
117,male,young,0.26331582883916305,743,young_male
118,male,old,0.5527911284260311,213,old_male
119,male,old,0.5519134903176496,928,old_male
120,male,old,0.5487874554412933,87,old_male
121,male,old,0.5410695600602888,560,old_male
122,male,old,0.5409197194076384,838,old_male
123,male,old,0.5395283419187411,793,old_male
124,male,old,0.5383082108900158,6,old_male
125,male,old,0.5335133100052004,839,old_male
126,male,old,0.53314563378189,326,old_male
127,male,old,0.531950686056131,978,old_male
128,female,old,0.43945241426029713,448,old_female
129,female,old,0.4379053724799384,815,old_female
130,female,old,0.4240717119735274,611,old_female
131,female,old,0.38380612886044296,750,old_female
132,female,old,0.3359923228700907,607,old_female
133,female,old,0.33046742099053483,96,old_female
134,female,old,0.3033018772893196,317,old_female
135,female,old,0.30199769698694373,147,old_female
136,female,old,0.2959014489213362,554,old_female
137,female,old,0.2956401721530591,590,old_female
138,female,old,0.28314217107773204,175,old_female
139,female,old,0.2370937146253291,975,old_female
140,female,old,0.18969747927728958,251,old_female
141,female,old,0.16488814835987442,288,old_female
142,female,old,0.1592684943029073,219,old_female
143,female,old,0.1412605439341608,723,old_female
144,female,old,0.13835124285895967,908,old_female
145,female,old,0.13715078628567687,779,old_female
146,female,old,0.12959878591296398,664,old_female
147,male,middle,0.9054719539850689,672,middle_male
148,male,middle,0.8622670072288672,714,middle_male
149,male,middle,0.8506951221201319,832,middle_male
150,male,middle,0.8397775307015942,973,middle_male
151,male,middle,0.7811004347897259,538,middle_male
152,male,middle,0.7790631055797386,854,middle_male
153,male,middle,0.7705435941861827,902,middle_male
154,male,middle,0.7698623858409399,467,middle_male
155,male,middle,0.7662581829995078,921,middle_male
156,male,middle,0.7472710743322961,509,middle_male
157,male,middle,0.7453793360925839,744,middle_male
158,male,middle,0.7393427409758783,205,middle_male
159,male,middle,0.7318853353849332,763,middle_male
160,male,middle,0.7279845991510709,226,middle_male
161,male,middle,0.7193623084022832,653,middle_male
162,male,middle,0.7137711429567968,927,middle_male
163,male,middle,0.7121657073926846,657,middle_male
164,male,middle,0.7048705767102296,868,middle_male
165,male,middle,0.6935986876980825,395,middle_male
166,male,middle,0.6878529597306394,888,middle_male
167,male,middle,0.6829681859333625,549,middle_male
168,male,middle,0.6812171593989753,266,middle_male
169,male,middle,0.6738145274919823,787,middle_male
170,male,middle,0.6713276763240436,415,middle_male
171,male,middle,0.6685235155387276,778,middle_male
172,male,middle,0.6638570494990412,501,middle_male
173,male,middle,0.6561627634645678,63,middle_male
174,male,middle,0.6478757254365212,542,middle_male
175,male,middle,0.6431747897508994,552,middle_male
176,male,middle,0.6420231258271141,328,middle_male
177,male,middle,0.6357003854304519,684,middle_male
178,male,middle,0.6277500166839383,3,middle_male
179,male,middle,0.6232288268232397,877,middle_male
180,male,middle,0.6224714389865231,51,middle_male
181,male,middle,0.6200393615025367,368,middle_male
182,male,middle,0.6162211005858895,895,middle_male
183,male,middle,0.6127576094497826,791,middle_male
184,male,middle,0.6125939179805007,268,middle_male
185,male,middle,0.6124234584985463,968,middle_male
186,male,middle,0.6121347948882931,616,middle_male
187,male,middle,0.6075383699099823,687,middle_male
188,male,middle,0.6050552962374887,315,middle_male
189,male,middle,0.6043274987817578,822,middle_male
190,male,middle,0.5963003209611963,98,middle_male
191,male,middle,0.5958465493208693,286,middle_male
192,male,middle,0.595504528587456,520,middle_male
193,male,middle,0.5954869002753795,46,middle_male
194,male,middle,0.5885942302534574,74,middle_male
195,male,middle,0.5878626553022815,676,middle_male
196,male,middle,0.5863415838031069,719,middle_male
197,male,middle,0.5837809140783478,78,middle_male
198,male,middle,0.5815353504319566,106,middle_male
199,male,middle,0.5794589871023715,659,middle_male
